,country,description,designation,points,price,province,region_1,region_2,taster_name,taster_twitter_handle,title,variety,winery,millesime,tokens
0,France,"Firm and solid with great swathes of black fruits as well as dense tannins. Ripe fruits are a major element of this concentrated wine. The wine has power and a firm tannic core, and certainly needs aging for seven years.",,94,,Burgundy,Corton Grèves,,Roger Voss,@vossroger,Domaine des Croix 2016  Corton Grèves,Pinot Noir,Domaine des Croix,2016,firm solid great swathe black fruit well dense tannin ripe fruit major element concentrate wine wine power firm tannic core certainly need age seven year
1,France,"A rich wine with great fruits as well as structure. It has the weight and great concentration of a grand cru selection. Plum fruits and acidity offer the potential for long aging. It's powerful, while also showing elegance. Age for 6–8 years.",La Vigne au Saint,94,,Burgundy,Corton,,Roger Voss,@vossroger,Domaine des Croix 2017 La Vigne au Saint  (Corton),Pinot Noir,Domaine des Croix,2017,rich wine great fruit well structure weight great concentration grand cru selection plum fruit acidity offer potential long age powerful also show elegance age – year
2,France,"A perfumed village wine, this is made from four different parcels. The wine offers an attractive touch of tannin and spice to go with the forward red fruits. It should develop relatively quickly, and will be ready to drink from 2022.",,90,,Burgundy,Beaune,,Roger Voss,@vossroger,Domaine des Croix 2016  Beaune,Pinot Noir,Domaine des Croix,2016,perfumed village wine make four different parcel wine offer attractive touch tannin spice go forward red fruit develop relatively quickly ready drink
3,France,"A structured wine, packed with red fruits and delightful acidity. There is a core of dark tannin and a solid structure as well as the bright freshness at the end. Because it has this structure, it's worth aging for 4–5 years.",,90,,Burgundy,Beaune,,Roger Voss,@vossroger,Domaine des Croix 2019  Beaune,Pinot Noir,Domaine des Croix,2019,structured wine pack red fruit delightful acidity core dark tannin solid structure well bright freshness end structure worth age – year
4,France,"This wine is perfumed with cherries and red berries. Its structure, which is certainly there, is almost secondary to this brilliant fruit. Balanced with a mineral dryness, the wine is certainly going to age into a ripe, pure-fruited wine. Drink from 2024.",Les Grèves Premier Cru,94,,Burgundy,Beaune,,Roger Voss,@vossroger,Domaine des Croix 2017 Les Grèves Premier Cru  (Beaune),Pinot Noir,Domaine des Croix,2017,wine perfume cherry red berry structure certainly almost secondary brilliant fruit balance mineral dryness wine certainly go age ripe purefruite wine drink
5,France,"A structured wine, packed with red fruits and delightful acidity. There is a core of dark tannin and a solid structure as well as the bright freshness at the end. Because it has this structure, it's worth aging for 4–5 years.",,90,,Burgundy,Beaune,,Roger Voss,@vossroger,Domaine des Croix 2015  Beaune,Pinot Noir,Domaine des Croix,2015,structured wine pack red fruit delightful acidity core dark tannin solid structure well bright freshness end structure worth age – year
6,France,"While this wine is firm, with some fine tannins, it also has a pure line in fresh strawberry fruits that will develop as the tannins soften. This perfumed wine will develop slowly. Drink from 2024.",Les Cent-Vignes Premier Cru,93,,Burgundy,Beaune,,Roger Voss,@vossroger,Domaine des Croix 2018 Les Cent-Vignes Premier Cru  (Beaune),Pinot Noir,Domaine des Croix,2018,wine firm fine tannin also pure line fresh strawberry fruit develop tannin soften perfume wine develop slowly drink
7,France,"This wine has a smoky character that gives an exotic touch to the red fruits. It comes from 60-year old vines that give concentration and dark tannins. As it ages, the wine will broaden and expand to convey opulence and richness. Drink from 2022.",Grèves,95,,Burgundy,Corton,,Roger Voss,@vossroger,Domaine des Croix 2016 Grèves  (Corton),Pinot Noir,Domaine des Croix,2016,wine smoky character give exotic touch red fruit come year old vine give concentration dark tannin age wine broaden expand convey opulence richness drink
8,France,"Dark fruit backs up the dense, dark and firm character of this wine. There is sweetness from the ripe fruits into which the tannins fall, leaving a trace of dryness at the end. A fine wine with a great future; drink from 2022.",La Vigne au Saint,95,,Burgundy,Corton,,Roger Voss,@vossroger,Domaine des Croix 2018 La Vigne au Saint  (Corton),Pinot Noir,Domaine des Croix,2018,dark fruit back dense dark firm character wine sweetness ripe fruit tannin fall leave trace dryness end fine wine great future drink
9,France,"A fine, mineral, structured wine with a very dry, solid core. Juicy red fruits offer a hint for its future ripeness. It has the freshness of the vintage that shows through at the end of this chunky wine. Age for 5–7 years.",Bressandes Premier Cru,94,,Burgundy,Beaune,,Roger Voss,@vossroger,Domaine des Croix 2019 Bressandes Premier Cru  (Beaune),Pinot Noir,Domaine des Croix,2019,fine mineral structure wine dry solid core juicy red fruit offer hint future ripeness freshness vintage show end chunky wine age – year
10,France,"From one of the top Beaune premier-cru vineyards, this wine is dark and dense with hints of wood as well as chocolate. To balance this, the ripe berry fruit is right there, deliciously fresh and with a tight line of acidity. A wine with a future, it is not ready to drink before 2024.",Les Bressandes Premier Cru,93,,Burgundy,Beaune,,Roger Voss,@vossroger,Domaine des Croix 2018 Les Bressandes Premier Cru  (Beaune),Pinot Noir,Domaine des Croix,2018,one top beaune premiercru vineyard wine dark dense hint wood well chocolate balance ripe berry fruit right deliciously fresh tight line acidity wine future ready drink
11,France,"Made from fruit sourced from a small premier cru that's located next to the famous Clos des Mouches, this is juicy, round and ripe, with a great swathe of soft, fleshy tannins.",Pertuisots Premier Cru,92,,Burgundy,Beaune,,Roger Voss,@vossroger,Domaine des Croix 2014 Pertuisots Premier Cru  (Beaune),Pinot Noir,Domaine des Croix,2014,make fruit source small premier cru locate next famous clos des mouche juicy round ripe great swathe soft fleshy tannin
12,France,"A dry, mineral wine, hiding its potential richness. Flavors of ripe pears and yellow fruits are matched by lime acidity. The wine has considerable power and a dense character, showing the immense density that comes from this vineyard. Age for 4–6 years and more.",,95,,Burgundy,Corton-Charlemagne,,Roger Voss,@vossroger,Domaine des Croix 2014  Corton-Charlemagne,Chardonnay,Domaine des Croix,2014,dry mineral wine hide potential richness flavor ripe pear yellow fruit match lime acidity wine considerable power dense character show immense density come vineyard age – year
13,France,"This wine has firm tannins and a dry, structured core. From vines that are close to Beaune, it is dense and concentrated, although with the pure fruit that marks out the vintage. It is going to develop well and with great style.",Les Peuillets Premier Cru,92,,Burgundy,Savigny-lès-Beaune,,Roger Voss,@vossroger,Domaine des Croix 2018 Les Peuillets Premier Cru  (Savigny-lès-Beaune),Pinot Noir,Domaine des Croix,2018,wine firm tannin dry structured core vine close beaune dense concentrate although pure fruit mark vintage go develop well great style
